Order ID,Product,Category,Region,Customer ID,Customer Segment,Order Date,Sales Amount,Quantity,Discount,Profit
ORD1000,Camera,Accessories,Urban,CUST19,Individual,2023-10-17,1115.39,4,0.22,430.06
ORD1001,Headphones,Electronics,Rural,CUST13,Individual,2022-04-25,1980.06,10,0.18,74.3
ORD1002,Camera,Accessories,Rural,CUST7,Corporate,2022-01-26,249.71,3,0.05,271.62
ORD1003,Laptop,Accessories,Urban,CUST38,Corporate,2022-10-09,1668.64,7,0.11,135.3
ORD1004,Smartphone,Accessories,Urban,CUST50,Corporate,2022-09-08,1515.12,5,0.2,443.74
ORD1005,Monitor,Electronics,Rural,CUST79,Corporate,2022-08-17,630.53,5,0.01,42.85
ORD1006,Tablet,Accessories,Rural,CUST54,Individual,2022-05-23,1998.66,3,0.26,42.32
ORD1007,Tablet,Accessories,Urban,CUST32,Individual,2022-04-15,926.98,3,0.08,14.22
ORD1008,Monitor,Accessories,Urban,CUST21,Corporate,2023-11-24,729.73,1,0.16,256.05
ORD1009,Mouse,Accessories,Urban,CUST42,Corporate,2023-07-13,1642.62,10,0.01,20.44
ORD1010,Smartphone,Accessories,Urban,CUST74,Individual,2022-03-31,906.19,7,0.3,293.04
ORD1011,Monitor,Accessories,Urban,CUST93,Corporate,2023-08-28,1988.22,10,0.2,205.54
ORD1012,Smartwatch,Accessories,Rural,CUST41,Individual,2023-03-09,1562.48,1,0.2,297.07
ORD1013,Camera,Electronics,Urban,CUST25,Individual,2022-02-02,512.04,3,0.01,453.62
ORD1014,Laptop,Electronics,Semiurban,CUST98,Individual,2022-01-31,1630.87,10,0.21,278.04
ORD1015,Monitor,Accessories,Semiurban,CUST21,Corporate,2022-04-06,1196.45,6,0.13,274.02
ORD1016,Laptop,Electronics,Semiurban,CUST64,Individual,2022-08-12,733.73,10,0.11,499.37
ORD1017,Mouse,Accessories,Semiurban,CUST66,Individual,2022-08-27,1435.97,4,0.16,238.69
ORD1018,Mouse,Electronics,Urban,CUST60,Individual,2023-06-02,1283.9,10,0.14,388.72
ORD1019,Smartwatch,Accessories,Semiurban,CUST64,Individual,2023-09-09,373.66,2,0.05,186.08
ORD1020,Tablet,Accessories,Rural,CUST40,Individual,2022-01-28,321.51,8,0.21,115.54
ORD1021,Monitor,Accessories,Semiurban,CUST64,Individual,2023-07-29,452.91,3,0.19,387.21
ORD1022,Smartphone,Accessories,Urban,CUST3,Corporate,2022-07-23,453.54,6,0.09,367.95
ORD1023,Tablet,Electronics,Semiurban,CUST12,Individual,2023-10-28,165.75,2,0.2,149.04
ORD1024,Tablet,Accessories,Rural,CUST51,Individual,2023-12-20,734.09,4,0.2,235.03
ORD1025,Smartphone,Electronics,Urban,CUST65,Individual,2023-07-13,598.12,6,0.08,257.65
ORD1026,Camera,Electronics,Urban,CUST59,Corporate,2023-03-06,1100.6,6,0.18,201.41
ORD1027,Mouse,Accessories,Urban,CUST31,Corporate,2022-08-14,681.12,3,0.04,253.57
ORD1028,Camera,Electronics,Semiurban,CUST28,Individual,2023-04-05,1422.9,2,0.25,333.03
ORD1029,Monitor,Accessories,Semiurban,CUST75,Individual,2023-08-27,614.2,6,0.03,424.75
ORD1030,Tablet,Electronics,Urban,CUST46,Individual,2022-10-12,571.32,8,0.22,404.24
ORD1031,Monitor,Accessories,Semiurban,CUST7,Individual,2022-01-07,1723.13,1,0.04,308.95
ORD1032,Camera,Electronics,Rural,CUST7,Corporate,2022-06-13,1971.7,5,0.03,87.09
ORD1033,Mouse,Electronics,Urban,CUST37,Individual,2023-12-16,1374.63,4,0.03,259.5
ORD1034,Headphones,Accessories,Rural,CUST64,Corporate,2023-03-09,235.69,4,0.06,225.88
ORD1035,Smartwatch,Electronics,Rural,CUST77,Corporate,2022-12-15,1927.41,2,0.06,93.68
ORD1036,Monitor,Electronics,Semiurban,CUST84,Individual,2022-10-12,1582.1,6,0.08,474.61
ORD1037,Monitor,Accessories,Semiurban,CUST87,Corporate,2022-06-09,1841.6,5,0.16,331.41
ORD1038,Headphones,Accessories,Urban,CUST61,Individual,2022-08-09,1985.35,2,0.06,484.03
ORD1039,Camera,Accessories,Rural,CUST37,Individual,2022-12-11,1740.74,1,0.21,369.28
ORD1040,Monitor,Accessories,Semiurban,CUST69,Corporate,2022-04-15,297.43,1,0.09,244.33
ORD1041,Mouse,Electronics,Rural,CUST2,Corporate,2022-04-05,1738.85,7,0.01,182.6
ORD1042,Laptop,Accessories,Semiurban,CUST14,Corporate,2023-01-25,536.87,8,0.15,113.32
ORD1043,Camera,Accessories,Rural,CUST56,Individual,2022-04-10,1437.22,7,0.06,246.38
ORD1044,Camera,Accessories,Urban,CUST18,Individual,2023-01-03,1665.54,3,0.28,36.12
ORD1045,Smartwatch,Accessories,Semiurban,CUST34,Corporate,2022-12-19,1534.87,7,0.1,187.87
ORD1046,Monitor,Electronics,Urban,CUST94,Corporate,2023-09-11,1368.66,8,0.0,26.19
ORD1047,Tablet,Electronics,Rural,CUST47,Individual,2022-09-28,1004.44,7,0.2,107.35
ORD1048,Keyboard,Electronics,Rural,CUST98,Corporate,2022-02-14,1175.98,6,0.27,454.32
ORD1049,Keyboard,Accessories,Urban,CUST52,Corporate,2023-04-16,574.0,9,0.25,183.82
ORD1050,Keyboard,Electronics,Rural,CUST47,Corporate,2023-07-04,857.74,7,0.2,237.49
ORD1051,Smartwatch,Electronics,Semiurban,CUST6,Corporate,2022-05-08,931.38,2,0.04,230.05
ORD1052,Mouse,Accessories,Semiurban,CUST52,Corporate,2023-01-23,1285.57,8,0.03,27.99
ORD1053,Keyboard,Electronics,Rural,CUST7,Individual,2022-03-22,1766.24,10,0.15,490.39
ORD1054,Headphones,Electronics,Rural,CUST73,Corporate,2023-07-20,231.53,4,0.22,165.42
ORD1055,Smartphone,Accessories,Rural,CUST72,Corporate,2022-10-28,1055.45,3,0.03,353.35
ORD1056,Camera,Electronics,Rural,CUST25,Individual,2023-10-06,592.54,8,0.08,263.08
ORD1057,Mouse,Accessories,Semiurban,CUST47,Corporate,2023-09-26,1875.86,2,0.07,415.68
ORD1058,Tablet,Electronics,Semiurban,CUST71,Individual,2023-01-06,769.69,1,0.3,418.26
ORD1059,Smartphone,Electronics,Rural,CUST37,Individual,2023-08-15,1903.0,5,0.09,135.34
ORD1060,Smartwatch,Accessories,Urban,CUST10,Corporate,2022-07-16,688.21,1,0.14,274.45
ORD1061,Camera,Electronics,Urban,CUST50,Individual,2023-12-23,54.82,6,0.03,91.06
ORD1062,Smartwatch,Accessories,Semiurban,CUST65,Corporate,2022-03-13,1559.56,5,0.05,328.57
ORD1063,Smartwatch,Accessories,Urban,CUST58,Individual,2022-02-16,1478.81,2,0.01,185.82
ORD1064,Headphones,Accessories,Rural,CUST98,Corporate,2023-11-09,1475.32,2,0.09,328.4
ORD1065,Laptop,Accessories,Urban,CUST71,Corporate,2022-08-22,943.98,6,0.24,418.56
ORD1066,Laptop,Electronics,Semiurban,CUST36,Individual,2022-10-24,1345.08,3,0.09,260.75
ORD1067,Smartwatch,Electronics,Rural,CUST80,Corporate,2022-03-23,748.53,7,0.22,191.28
ORD1068,Keyboard,Accessories,Rural,CUST88,Individual,2022-08-27,173.49,3,0.03,454.09
ORD1069,Smartphone,Electronics,Semiurban,CUST79,Corporate,2022-04-14,1092.13,2,0.23,260.6
ORD1070,Keyboard,Electronics,Urban,CUST16,Individual,2023-01-25,474.77,9,0.01,179.68
ORD1071,Monitor,Electronics,Semiurban,CUST17,Corporate,2022-10-12,887.8,2,0.26,434.52
ORD1072,Smartwatch,Electronics,Semiurban,CUST13,Individual,2023-04-10,463.11,6,0.2,246.0
ORD1073,Monitor,Accessories,Urban,CUST51,Corporate,2023-10-13,573.65,10,0.05,243.64
ORD1074,Keyboard,Electronics,Rural,CUST48,Corporate,2023-01-09,1665.27,10,0.11,304.08
ORD1075,Monitor,Accessories,Urban,CUST44,Individual,2022-06-16,708.62,8,0.13,253.41
ORD1076,Smartwatch,Electronics,Urban,CUST72,Individual,2023-01-15,1176.97,1,0.19,73.79
ORD1077,Headphones,Electronics,Rural,CUST47,Individual,2022-12-30,1153.98,7,0.26,86.97
ORD1078,Laptop,Accessories,Rural,CUST97,Corporate,2022-08-03,996.41,3,0.03,43.16
ORD1079,Smartphone,Accessories,Semiurban,CUST19,Corporate,2023-11-18,720.29,10,0.24,323.52
ORD1080,Monitor,Accessories,Urban,CUST26,Individual,2022-10-01,1380.98,7,0.05,109.7
ORD1081,Smartwatch,Accessories,Rural,CUST78,Individual,2023-12-20,144.4,3,0.12,97.52
ORD1082,Headphones,Electronics,Urban,CUST66,Individual,2023-12-01,244.17,1,0.29,184.3
ORD1083,Mouse,Accessories,Urban,CUST52,Individual,2023-10-26,1578.59,2,0.08,360.06
ORD1084,Keyboard,Accessories,Rural,CUST65,Corporate,2022-03-15,946.18,6,0.12,63.57
ORD1085,Laptop,Electronics,Rural,CUST6,Individual,2023-09-16,292.26,4,0.26,119.02
ORD1086,Mouse,Electronics,Urban,CUST6,Corporate,2023-10-13,1722.42,4,0.24,406.53
ORD1087,Smartwatch,Accessories,Rural,CUST5,Corporate,2022-06-25,910.51,7,0.19,361.53
ORD1088,Smartphone,Accessories,Urban,CUST18,Individual,2023-07-01,51.32,9,0.24,243.35
ORD1089,Keyboard,Accessories,Rural,CUST92,Individual,2022-09-08,1918.16,9,0.03,242.01
ORD1090,Headphones,Accessories,Semiurban,CUST43,Individual,2022-06-17,444.52,5,0.21,109.3
ORD1091,Keyboard,Accessories,Rural,CUST61,Individual,2023-04-19,1392.75,5,0.02,84.82
ORD1092,Mouse,Accessories,Urban,CUST67,Corporate,2023-01-24,307.23,5,0.28,417.52
ORD1093,Mouse,Accessories,Rural,CUST59,Individual,2022-10-04,1317.49,4,0.05,16.11
ORD1094,Tablet,Electronics,Urban,CUST20,Individual,2023-10-18,360.01,2,0.12,26.36
ORD1095,Keyboard,Accessories,Rural,CUST78,Corporate,2023-12-06,1868.81,1,0.18,288.88
ORD1096,Mouse,Accessories,Urban,CUST66,Individual,2023-07-25,584.34,7,0.24,84.76
ORD1097,Monitor,Electronics,Urban,CUST18,Corporate,2022-08-13,1326.45,10,0.2,316.62
ORD1098,Mouse,Electronics,Rural,CUST42,Corporate,2023-12-03,538.26,9,0.05,24.4
ORD1099,Keyboard,Accessories,Urban,CUST79,Corporate,2022-11-29,775.1,8,0.11,288.27
ORD1100,Headphones,Accessories,Semiurban,CUST41,Corporate,2022-02-27,1812.41,3,0.11,32.68
ORD1101,Keyboard,Accessories,Semiurban,CUST21,Corporate,2022-08-23,372.77,1,0.01,132.84
ORD1102,Keyboard,Accessories,Rural,CUST51,Corporate,2022-02-02,822.87,6,0.21,94.12
ORD1103,Camera,Electronics,Urban,CUST79,Corporate,2022-11-20,645.74,1,0.25,479.33
ORD1104,Smartwatch,Accessories,Urban,CUST95,Corporate,2023-02-15,1413.91,7,0.29,301.68
ORD1105,Camera,Accessories,Urban,CUST39,Corporate,2022-10-02,506.58,2,0.04,283.98
ORD1106,Mouse,Electronics,Rural,CUST76,Corporate,2022-03-09,1328.2,5,0.28,14.22
ORD1107,Keyboard,Electronics,Rural,CUST44,Individual,2022-08-05,1422.21,10,0.03,361.18
ORD1108,Smartwatch,Accessories,Semiurban,CUST65,Corporate,2023-08-04,52.12,8,0.12,332.56
ORD1109,Camera,Accessories,Urban,CUST66,Corporate,2022-11-19,979.77,4,0.01,145.31
ORD1110,Keyboard,Electronics,Semiurban,CUST69,Individual,2022-08-06,308.76,2,0.08,47.45
ORD1111,Smartphone,Accessories,Rural,CUST63,Corporate,2023-11-03,491.07,1,0.09,227.36
ORD1112,Camera,Electronics,Rural,CUST91,Corporate,2023-05-27,1375.97,4,0.21,496.42
ORD1113,Smartwatch,Electronics,Semiurban,CUST73,Corporate,2023-02-10,68.11,3,0.2,434.31
ORD1114,Camera,Accessories,Urban,CUST39,Individual,2023-10-21,1406.41,5,0.23,89.43
ORD1115,Tablet,Electronics,Urban,CUST61,Individual,2023-04-15,1643.36,2,0.17,416.03
ORD1116,Tablet,Electronics,Urban,CUST3,Individual,2022-05-27,1976.9,8,0.17,302.42
ORD1117,Mouse,Electronics,Rural,CUST48,Individual,2022-09-29,873.51,2,0.29,398.33
ORD1118,Smartphone,Accessories,Urban,CUST43,Corporate,2022-05-23,307.74,5,0.2,411.12
ORD1119,Headphones,Accessories,Urban,CUST87,Corporate,2022-09-10,188.12,7,0.1,95.03
ORD1120,Headphones,Electronics,Semiurban,CUST15,Corporate,2023-07-29,796.99,8,0.16,331.53
ORD1121,Smartwatch,Accessories,Semiurban,CUST54,Individual,2023-07-06,1474.99,8,0.21,135.94
ORD1122,Monitor,Electronics,Semiurban,CUST75,Individual,2022-09-27,249.73,5,0.03,363.47
ORD1123,Headphones,Electronics,Semiurban,CUST40,Corporate,2023-08-22,661.04,2,0.2,174.62
ORD1124,Smartwatch,Accessories,Rural,CUST93,Individual,2023-03-15,1767.93,9,0.07,229.47
ORD1125,Smartphone,Accessories,Urban,CUST89,Corporate,2023-08-21,317.4,7,0.1,297.35
ORD1126,Monitor,Accessories,Rural,CUST81,Individual,2023-02-13,1558.25,3,0.2,118.76
ORD1127,Monitor,Electronics,Urban,CUST4,Corporate,2023-01-06,1518.66,6,0.12,195.8
ORD1128,Tablet,Electronics,Rural,CUST77,Corporate,2022-08-13,309.64,7,0.25,58.74
ORD1129,Mouse,Electronics,Urban,CUST61,Corporate,2022-05-22,1986.23,6,0.17,105.16
ORD1130,Keyboard,Accessories,Urban,CUST34,Corporate,2023-06-06,328.56,3,0.3,430.5
ORD1131,Monitor,Accessories,Urban,CUST84,Corporate,2023-05-21,1084.49,8,0.02,254.66
ORD1132,Laptop,Electronics,Rural,CUST100,Corporate,2022-04-04,66.53,1,0.19,212.8
ORD1133,Smartwatch,Accessories,Semiurban,CUST75,Individual,2022-02-18,1317.54,5,0.05,79.03
ORD1134,Monitor,Accessories,Semiurban,CUST74,Corporate,2022-04-23,908.19,8,0.25,52.67
ORD1135,Monitor,Accessories,Rural,CUST30,Individual,2022-06-06,1458.74,8,0.26,240.56
ORD1136,Laptop,Accessories,Urban,CUST93,Individual,2023-10-05,1274.76,5,0.26,309.3
ORD1137,Monitor,Electronics,Urban,CUST7,Corporate,2022-06-13,345.18,4,0.02,24.32
ORD1138,Keyboard,Accessories,Rural,CUST75,Individual,2023-11-28,852.83,5,0.15,393.01
ORD1139,Laptop,Electronics,Semiurban,CUST62,Individual,2023-03-09,1388.8,10,0.07,254.15
ORD1140,Tablet,Electronics,Semiurban,CUST22,Individual,2023-09-03,1726.93,1,0.29,63.17
ORD1141,Camera,Electronics,Urban,CUST68,Individual,2022-03-07,219.04,3,0.02,243.71
ORD1142,Monitor,Accessories,Semiurban,CUST81,Individual,2023-01-30,245.91,2,0.07,69.51
ORD1143,Monitor,Accessories,Semiurban,CUST93,Individual,2023-01-26,1517.27,2,0.19,303.72
ORD1144,Mouse,Electronics,Semiurban,CUST80,Corporate,2023-09-03,1199.67,6,0.12,414.62
ORD1145,Mouse,Accessories,Urban,CUST100,Individual,2023-04-25,798.86,9,0.07,449.0
ORD1146,Smartwatch,Electronics,Semiurban,CUST49,Individual,2023-06-26,1928.33,7,0.14,388.56
ORD1147,Keyboard,Accessories,Urban,CUST19,Individual,2022-09-15,663.28,10,0.24,326.37
ORD1148,Smartwatch,Electronics,Rural,CUST88,Individual,2023-07-21,322.67,4,0.13,263.41
ORD1149,Camera,Accessories,Rural,CUST32,Individual,2022-01-12,590.09,9,0.26,188.34
ORD1150,Monitor,Accessories,Urban,CUST5,Individual,2023-11-28,214.28,1,0.13,26.5
ORD1151,Keyboard,Accessories,Semiurban,CUST74,Corporate,2022-04-28,1129.12,7,0.04,267.26
ORD1152,Laptop,Accessories,Rural,CUST90,Corporate,2023-11-30,1220.02,9,0.15,118.6
ORD1153,Monitor,Accessories,Urban,CUST15,Individual,2023-07-04,1234.81,7,0.2,402.14
ORD1154,Tablet,Electronics,Semiurban,CUST25,Corporate,2022-10-01,1568.99,9,0.03,395.83
ORD1155,Monitor,Electronics,Rural,CUST3,Corporate,2023-10-19,1396.43,8,0.12,193.71
ORD1156,Headphones,Accessories,Urban,CUST57,Individual,2022-12-15,1703.39,10,0.17,296.58
ORD1157,Keyboard,Electronics,Semiurban,CUST41,Individual,2022-04-25,1333.89,4,0.0,371.99
ORD1158,Headphones,Accessories,Semiurban,CUST54,Corporate,2022-10-28,638.22,8,0.03,381.96
ORD1159,Mouse,Electronics,Urban,CUST20,Individual,2023-03-22,1059.61,5,0.18,349.87
ORD1160,Laptop,Electronics,Semiurban,CUST53,Individual,2022-06-11,1043.57,2,0.19,53.37
ORD1161,Monitor,Accessories,Rural,CUST89,Corporate,2023-04-10,1508.3,7,0.09,71.27
ORD1162,Laptop,Accessories,Urban,CUST27,Corporate,2022-01-04,626.31,1,0.15,241.18
ORD1163,Smartphone,Accessories,Semiurban,CUST53,Individual,2022-09-27,156.41,9,0.06,120.09
ORD1164,Monitor,Electronics,Semiurban,CUST65,Corporate,2023-05-28,1800.93,10,0.2,430.23
ORD1165,Headphones,Electronics,Semiurban,CUST100,Individual,2022-07-02,1911.61,9,0.29,145.22
ORD1166,Keyboard,Electronics,Semiurban,CUST79,Individual,2023-06-04,1015.03,10,0.11,439.0
ORD1167,Headphones,Electronics,Semiurban,CUST61,Individual,2022-04-19,269.85,10,0.02,207.28
ORD1168,Laptop,Accessories,Urban,CUST95,Individual,2023-10-03,1024.19,3,0.07,98.57
ORD1169,Camera,Accessories,Rural,CUST94,Individual,2022-11-02,1208.16,2,0.14,356.03
ORD1170,Monitor,Electronics,Rural,CUST8,Individual,2023-10-17,1080.16,8,0.17,395.76
ORD1171,Tablet,Electronics,Urban,CUST91,Corporate,2023-06-04,1956.51,3,0.19,291.1
ORD1172,Smartwatch,Electronics,Semiurban,CUST18,Corporate,2023-09-16,1974.42,3,0.14,63.33
ORD1173,Keyboard,Electronics,Rural,CUST67,Corporate,2022-07-23,1871.15,4,0.2,8.56
ORD1174,Tablet,Accessories,Rural,CUST27,Corporate,2022-06-06,307.37,4,0.21,329.0
ORD1175,Tablet,Accessories,Rural,CUST72,Individual,2023-01-18,1728.59,3,0.03,345.44
ORD1176,Monitor,Accessories,Semiurban,CUST42,Corporate,2022-06-15,1158.34,1,0.23,161.37
ORD1177,Camera,Accessories,Urban,CUST85,Corporate,2023-07-07,762.55,7,0.07,184.32
ORD1178,Monitor,Electronics,Rural,CUST62,Corporate,2023-06-28,1381.74,2,0.1,81.62
ORD1179,Camera,Accessories,Urban,CUST68,Individual,2022-01-01,1537.32,7,0.25,327.53
ORD1180,Smartphone,Electronics,Rural,CUST49,Individual,2023-09-06,1911.18,4,0.29,130.55
ORD1181,Keyboard,Accessories,Urban,CUST41,Corporate,2022-11-28,1552.22,3,0.09,428.21
ORD1182,Laptop,Accessories,Semiurban,CUST23,Individual,2023-05-16,82.54,10,0.16,214.66
ORD1183,Mouse,Accessories,Semiurban,CUST59,Individual,2022-01-20,181.69,5,0.21,185.99
ORD1184,Laptop,Electronics,Semiurban,CUST69,Individual,2022-04-25,561.26,6,0.01,141.4
ORD1185,Tablet,Accessories,Urban,CUST44,Corporate,2023-01-07,127.66,2,0.05,341.9
ORD1186,Smartwatch,Electronics,Semiurban,CUST70,Corporate,2022-11-11,167.91,2,0.04,378.71
ORD1187,Smartphone,Accessories,Semiurban,CUST46,Corporate,2022-09-03,1589.12,7,0.22,209.55
ORD1188,Laptop,Accessories,Rural,CUST87,Corporate,2022-03-01,1037.89,9,0.22,392.98
ORD1189,Laptop,Electronics,Urban,CUST99,Individual,2022-09-04,1275.71,7,0.03,243.82
ORD1190,Smartwatch,Accessories,Urban,CUST93,Individual,2023-08-04,1027.05,9,0.18,188.26
ORD1191,Smartwatch,Electronics,Rural,CUST88,Individual,2022-03-22,860.09,6,0.06,279.68
ORD1192,Laptop,Accessories,Semiurban,CUST83,Individual,2022-03-29,1418.53,5,0.28,130.62
ORD1193,Headphones,Accessories,Rural,CUST89,Corporate,2023-05-13,210.73,9,0.12,156.79
ORD1194,Smartwatch,Electronics,Semiurban,CUST34,Corporate,2022-03-12,1096.3,8,0.14,175.46
ORD1195,Headphones,Accessories,Urban,CUST79,Corporate,2023-06-30,1251.29,1,0.23,354.22
ORD1196,Keyboard,Accessories,Semiurban,CUST62,Individual,2022-05-09,591.06,10,0.22,369.21
ORD1197,Smartphone,Electronics,Rural,CUST25,Individual,2022-05-12,654.32,10,0.03,428.22
ORD1198,Smartwatch,Electronics,Semiurban,CUST32,Individual,2023-11-07,1047.04,9,0.12,331.35
ORD1199,Keyboard,Accessories,Rural,CUST36,Individual,2023-05-02,446.24,7,0.28,375.17
ORD1200,Camera,Electronics,Semiurban,CUST72,Corporate,2023-07-17,1625.72,2,0.25,226.06
ORD1201,Tablet,Electronics,Urban,CUST39,Corporate,2022-06-19,1095.96,7,0.18,351.16
ORD1202,Headphones,Electronics,Urban,CUST29,Individual,2022-09-29,811.93,3,0.23,85.09
ORD1203,Smartphone,Electronics,Urban,CUST39,Individual,2023-06-25,1286.87,3,0.14,111.16
ORD1204,Headphones,Accessories,Semiurban,CUST99,Corporate,2023-09-14,1677.33,10,0.2,203.28
ORD1205,Camera,Electronics,Rural,CUST37,Individual,2023-03-10,1378.06,10,0.29,172.53
ORD1206,Smartphone,Electronics,Urban,CUST91,Individual,2022-08-05,178.92,10,0.04,277.54
ORD1207,Laptop,Electronics,Rural,CUST27,Corporate,2023-07-07,1412.42,2,0.15,350.04
ORD1208,Camera,Electronics,Urban,CUST89,Individual,2023-12-08,1473.42,2,0.16,354.86
ORD1209,Monitor,Electronics,Urban,CUST91,Individual,2022-07-25,1700.61,10,0.01,84.57
ORD1210,Monitor,Electronics,Urban,CUST63,Individual,2024-01-01,162.92,2,0.28,482.46
ORD1211,Smartwatch,Electronics,Urban,CUST41,Corporate,2022-11-16,218.11,5,0.25,7.62
ORD1212,Smartphone,Accessories,Rural,CUST62,Individual,2023-02-13,897.24,9,0.14,50.09
ORD1213,Smartwatch,Electronics,Rural,CUST45,Corporate,2023-11-19,934.08,6,0.15,76.94
ORD1214,Smartphone,Electronics,Semiurban,CUST72,Individual,2023-10-28,1237.22,7,0.28,463.3
ORD1215,Camera,Accessories,Rural,CUST93,Individual,2023-01-18,653.12,5,0.05,220.51
ORD1216,Smartphone,Electronics,Semiurban,CUST36,Corporate,2023-03-25,1496.3,7,0.17,36.72
ORD1217,Laptop,Electronics,Rural,CUST37,Corporate,2023-06-14,1494.28,8,0.22,114.78
ORD1218,Tablet,Accessories,Rural,CUST16,Corporate,2023-04-08,282.91,10,0.04,44.62
ORD1219,Mouse,Electronics,Urban,CUST74,Individual,2022-05-04,1430.41,10,0.12,23.69
ORD1220,Monitor,Electronics,Semiurban,CUST87,Individual,2022-09-11,1417.92,8,0.18,195.24
ORD1221,Tablet,Electronics,Urban,CUST70,Corporate,2022-08-19,369.47,1,0.26,492.3
ORD1222,Smartphone,Electronics,Rural,CUST49,Individual,2022-03-07,1908.38,3,0.15,308.91
ORD1223,Mouse,Electronics,Rural,CUST51,Individual,2022-12-13,1069.86,5,0.12,262.9
ORD1224,Tablet,Accessories,Urban,CUST45,Corporate,2022-01-22,1576.82,7,0.29,357.24
ORD1225,Laptop,Electronics,Semiurban,CUST99,Individual,2023-08-26,1455.49,3,0.27,300.75
ORD1226,Monitor,Accessories,Rural,CUST19,Individual,2023-07-22,375.58,10,0.23,473.13
ORD1227,Keyboard,Electronics,Rural,CUST38,Corporate,2022-08-24,297.51,10,0.08,411.01
ORD1228,Smartphone,Electronics,Urban,CUST6,Corporate,2023-08-26,1573.19,7,0.29,321.94
ORD1229,Monitor,Accessories,Rural,CUST37,Corporate,2022-08-14,574.09,1,0.29,222.29
ORD1230,Tablet,Electronics,Rural,CUST92,Individual,2022-01-08,1778.51,7,0.14,104.85
ORD1231,Keyboard,Electronics,Rural,CUST11,Corporate,2022-03-14,1554.29,6,0.04,330.16
ORD1232,Headphones,Accessories,Semiurban,CUST45,Corporate,2023-12-26,107.24,4,0.12,402.94
ORD1233,Monitor,Electronics,Rural,CUST57,Corporate,2023-10-09,1623.86,1,0.21,146.57
ORD1234,Headphones,Electronics,Rural,CUST84,Individual,2022-03-02,580.36,8,0.22,21.64
ORD1235,Mouse,Accessories,Rural,CUST33,Corporate,2022-08-23,174.55,5,0.09,301.76
ORD1236,Camera,Accessories,Urban,CUST96,Corporate,2022-03-11,1439.03,6,0.21,260.33
ORD1237,Mouse,Accessories,Rural,CUST62,Corporate,2022-02-02,1174.47,1,0.26,119.68
ORD1238,Keyboard,Electronics,Semiurban,CUST28,Individual,2022-12-05,200.29,6,0.21,88.89
ORD1239,Keyboard,Accessories,Rural,CUST26,Corporate,2022-03-14,937.64,5,0.28,22.85
ORD1240,Monitor,Electronics,Rural,CUST69,Individual,2023-06-11,752.24,5,0.19,123.43
ORD1241,Camera,Electronics,Semiurban,CUST35,Corporate,2022-09-01,1024.24,5,0.06,5.14
ORD1242,Tablet,Accessories,Rural,CUST72,Individual,2022-10-13,1155.43,8,0.19,82.94
ORD1243,Smartwatch,Accessories,Urban,CUST90,Individual,2023-11-17,766.99,2,0.09,498.42
ORD1244,Smartphone,Electronics,Semiurban,CUST35,Individual,2023-05-13,547.48,4,0.1,390.94
ORD1245,Camera,Electronics,Rural,CUST18,Corporate,2022-08-08,250.66,3,0.2,179.8
ORD1246,Keyboard,Accessories,Urban,CUST14,Individual,2023-07-07,1169.13,5,0.29,200.6
ORD1247,Smartwatch,Accessories,Rural,CUST79,Corporate,2022-05-16,1459.42,8,0.2,295.11
ORD1248,Keyboard,Accessories,Semiurban,CUST95,Individual,2023-08-08,495.39,6,0.29,261.28
ORD1249,Monitor,Electronics,Urban,CUST76,Corporate,2023-08-14,1042.21,5,0.15,369.78
ORD1250,Tablet,Accessories,Semiurban,CUST31,Corporate,2023-04-30,135.87,7,0.21,38.97
ORD1251,Laptop,Accessories,Rural,CUST32,Corporate,2022-09-06,1732.71,10,0.1,49.63
ORD1252,Keyboard,Electronics,Rural,CUST7,Individual,2023-04-30,526.88,2,0.03,145.82
ORD1253,Tablet,Electronics,Urban,CUST86,Individual,2023-02-21,969.94,4,0.11,415.73
ORD1254,Headphones,Accessories,Urban,CUST68,Individual,2022-07-14,796.81,8,0.14,457.93
ORD1255,Keyboard,Electronics,Rural,CUST29,Corporate,2022-04-07,342.67,4,0.17,177.31
ORD1256,Smartwatch,Electronics,Semiurban,CUST82,Corporate,2022-04-10,1865.76,7,0.2,481.83
ORD1257,Tablet,Electronics,Rural,CUST30,Corporate,2023-11-06,1722.1,8,0.13,141.87
ORD1258,Camera,Accessories,Rural,CUST7,Corporate,2023-03-18,1128.09,9,0.22,305.15
ORD1259,Tablet,Accessories,Rural,CUST13,Individual,2022-12-29,1832.2,6,0.25,101.29
ORD1260,Camera,Accessories,Semiurban,CUST53,Individual,2023-03-10,1494.3,1,0.09,465.21
ORD1261,Camera,Accessories,Semiurban,CUST43,Individual,2023-02-25,867.77,9,0.25,289.58
ORD1262,Mouse,Accessories,Rural,CUST92,Individual,2023-04-24,677.51,3,0.24,134.25
ORD1263,Laptop,Accessories,Urban,CUST61,Corporate,2022-02-25,861.7,2,0.16,206.53
ORD1264,Mouse,Electronics,Semiurban,CUST13,Corporate,2023-11-21,1454.56,5,0.01,57.7
ORD1265,Smartwatch,Electronics,Rural,CUST88,Corporate,2023-11-01,578.95,9,0.04,40.83
ORD1266,Smartphone,Electronics,Rural,CUST99,Individual,2023-10-24,201.88,7,0.2,150.65
ORD1267,Smartwatch,Accessories,Rural,CUST18,Individual,2022-04-11,776.98,3,0.06,473.77
ORD1268,Monitor,Accessories,Urban,CUST1,Individual,2022-03-04,1028.98,9,0.23,402.46
ORD1269,Keyboard,Electronics,Semiurban,CUST71,Corporate,2023-02-17,1808.78,10,0.05,478.57
ORD1270,Mouse,Accessories,Rural,CUST21,Individual,2022-12-14,399.72,1,0.09,438.68
ORD1271,Smartwatch,Accessories,Semiurban,CUST53,Corporate,2022-04-22,1618.46,3,0.08,407.51
ORD1272,Keyboard,Accessories,Rural,CUST84,Corporate,2022-09-12,1963.76,4,0.25,289.57
ORD1273,Keyboard,Accessories,Rural,CUST61,Individual,2022-07-16,1910.45,4,0.21,348.62
ORD1274,Keyboard,Accessories,Semiurban,CUST62,Corporate,2022-07-14,184.41,1,0.09,483.2
ORD1275,Laptop,Electronics,Urban,CUST84,Corporate,2023-07-04,956.93,4,0.23,283.77
ORD1276,Smartphone,Accessories,Urban,CUST26,Corporate,2023-04-05,600.5,1,0.01,386.13
ORD1277,Camera,Accessories,Semiurban,CUST97,Individual,2022-05-24,1697.45,8,0.24,379.95
ORD1278,Smartwatch,Accessories,Semiurban,CUST37,Individual,2023-03-09,688.24,1,0.03,480.81
ORD1279,Monitor,Accessories,Rural,CUST42,Individual,2022-07-07,1128.53,6,0.26,232.13
ORD1280,Smartwatch,Accessories,Rural,CUST37,Corporate,2022-10-13,65.54,4,0.22,233.06
ORD1281,Camera,Electronics,Semiurban,CUST83,Individual,2023-04-19,441.31,5,0.26,295.48
ORD1282,Tablet,Accessories,Semiurban,CUST8,Individual,2022-09-13,1149.42,6,0.22,18.54
ORD1283,Keyboard,Electronics,Semiurban,CUST99,Corporate,2022-03-19,642.62,8,0.17,62.55
ORD1284,Mouse,Electronics,Urban,CUST12,Corporate,2023-03-30,1264.3,9,0.07,38.44
ORD1285,Mouse,Electronics,Urban,CUST84,Corporate,2023-07-18,954.66,7,0.24,318.66
ORD1286,Tablet,Electronics,Urban,CUST74,Corporate,2022-04-11,1203.8,2,0.24,497.13
ORD1287,Monitor,Accessories,Semiurban,CUST30,Individual,2022-02-21,1012.05,1,0.09,340.07
ORD1288,Mouse,Electronics,Semiurban,CUST69,Individual,2023-10-30,1556.6,4,0.2,118.82
ORD1289,Tablet,Accessories,Rural,CUST95,Individual,2023-07-08,431.07,6,0.28,161.29
ORD1290,Tablet,Electronics,Urban,CUST93,Corporate,2022-01-16,1805.86,8,0.12,477.95
ORD1291,Keyboard,Electronics,Urban,CUST5,Corporate,2022-04-06,1532.94,10,0.29,260.67
ORD1292,Camera,Accessories,Urban,CUST23,Corporate,2022-08-31,528.0,8,0.29,9.81
ORD1293,Camera,Electronics,Urban,CUST54,Corporate,2022-06-20,62.44,3,0.09,416.93
ORD1294,Camera,Accessories,Semiurban,CUST23,Corporate,2023-02-21,849.57,8,0.17,127.89
ORD1295,Smartwatch,Accessories,Rural,CUST5,Individual,2023-05-13,504.35,10,0.0,51.04
ORD1296,Smartphone,Accessories,Rural,CUST51,Corporate,2023-05-08,725.53,9,0.08,338.48
ORD1297,Smartwatch,Electronics,Rural,CUST64,Corporate,2022-08-07,1687.17,6,0.19,411.43
ORD1298,Tablet,Accessories,Semiurban,CUST24,Individual,2023-02-15,1760.54,6,0.23,42.63
ORD1299,Smartphone,Accessories,Urban,CUST96,Corporate,2022-03-02,1904.43,3,0.26,466.04
ORD1300,Mouse,Accessories,Semiurban,CUST38,Individual,2022-06-18,52.85,5,0.25,240.89
ORD1301,Headphones,Electronics,Urban,CUST5,Corporate,2023-01-24,1331.74,2,0.27,180.0
ORD1302,Smartwatch,Electronics,Semiurban,CUST2,Individual,2022-01-03,1705.56,5,0.21,447.69
ORD1303,Smartwatch,Electronics,Rural,CUST39,Individual,2023-02-04,1468.07,1,0.19,138.19
ORD1304,Keyboard,Accessories,Rural,CUST73,Corporate,2022-09-29,252.7,7,0.23,473.82
ORD1305,Camera,Electronics,Rural,CUST78,Individual,2023-04-11,1083.14,1,0.16,343.14
ORD1306,Mouse,Electronics,Rural,CUST14,Corporate,2022-10-20,514.43,3,0.18,455.41
ORD1307,Camera,Accessories,Urban,CUST43,Corporate,2023-03-10,1009.46,10,0.23,252.0
ORD1308,Smartphone,Accessories,Semiurban,CUST37,Corporate,2023-12-15,166.8,4,0.29,103.83
ORD1309,Smartwatch,Electronics,Urban,CUST59,Corporate,2023-07-24,1994.07,4,0.09,369.04
ORD1310,Camera,Accessories,Semiurban,CUST83,Corporate,2023-11-09,1437.72,4,0.05,437.01
ORD1311,Smartwatch,Electronics,Rural,CUST70,Corporate,2023-05-14,231.4,4,0.2,107.36
ORD1312,Tablet,Accessories,Rural,CUST68,Corporate,2022-06-08,1846.49,5,0.06,105.37
ORD1313,Headphones,Electronics,Rural,CUST64,Individual,2022-07-14,1799.71,7,0.05,128.6
ORD1314,Camera,Accessories,Semiurban,CUST18,Corporate,2022-10-31,1063.53,9,0.15,311.21
ORD1315,Laptop,Electronics,Rural,CUST65,Corporate,2022-08-11,1416.65,1,0.11,82.22
ORD1316,Mouse,Electronics,Urban,CUST60,Individual,2022-03-01,776.36,1,0.13,57.81
ORD1317,Headphones,Accessories,Urban,CUST35,Corporate,2023-08-17,1950.38,8,0.17,460.49
ORD1318,Camera,Accessories,Urban,CUST25,Corporate,2023-07-10,215.56,3,0.04,339.53
ORD1319,Laptop,Accessories,Semiurban,CUST15,Individual,2022-03-04,236.38,3,0.18,333.39
ORD1320,Laptop,Accessories,Urban,CUST43,Corporate,2022-11-18,310.35,10,0.08,308.84
ORD1321,Mouse,Electronics,Rural,CUST21,Corporate,2022-02-28,1648.93,1,0.1,383.3
ORD1322,Camera,Electronics,Semiurban,CUST94,Corporate,2022-02-21,195.92,4,0.21,273.03
ORD1323,Headphones,Electronics,Rural,CUST59,Corporate,2023-08-22,1157.25,5,0.05,25.92
ORD1324,Keyboard,Accessories,Semiurban,CUST83,Individual,2023-05-04,898.22,10,0.05,243.73
ORD1325,Smartphone,Electronics,Urban,CUST33,Corporate,2023-05-30,1930.23,5,0.1,312.23
ORD1326,Laptop,Electronics,Rural,CUST92,Corporate,2023-06-28,511.7,5,0.02,248.71
ORD1327,Camera,Electronics,Rural,CUST24,Corporate,2022-06-11,558.93,7,0.28,492.75
ORD1328,Keyboard,Electronics,Semiurban,CUST2,Corporate,2022-02-28,664.27,7,0.18,449.01
ORD1329,Keyboard,Electronics,Rural,CUST95,Corporate,2023-06-05,1611.59,6,0.2,435.04
ORD1330,Keyboard,Accessories,Urban,CUST44,Individual,2022-03-24,1416.41,8,0.15,247.95
ORD1331,Tablet,Accessories,Semiurban,CUST38,Individual,2022-07-10,1483.94,5,0.17,492.28
ORD1332,Headphones,Accessories,Rural,CUST73,Individual,2022-03-12,670.21,4,0.11,458.42
ORD1333,Laptop,Accessories,Semiurban,CUST87,Individual,2023-09-02,580.31,8,0.24,143.73
ORD1334,Camera,Electronics,Rural,CUST97,Corporate,2022-03-11,195.64,5,0.1,114.94
ORD1335,Keyboard,Accessories,Urban,CUST25,Individual,2023-11-23,445.29,9,0.07,290.45
ORD1336,Smartphone,Accessories,Urban,CUST23,Corporate,2022-08-29,1570.88,10,0.06,31.8
ORD1337,Smartphone,Accessories,Urban,CUST79,Corporate,2023-02-18,1190.18,7,0.02,400.64
ORD1338,Monitor,Electronics,Urban,CUST82,Individual,2022-05-03,353.05,10,0.15,241.77
ORD1339,Keyboard,Electronics,Rural,CUST52,Corporate,2023-08-07,370.53,2,0.12,272.68
ORD1340,Smartphone,Electronics,Urban,CUST55,Corporate,2022-09-10,958.81,1,0.16,253.73
ORD1341,Laptop,Electronics,Semiurban,CUST66,Individual,2023-08-16,842.7,9,0.03,199.89
ORD1342,Headphones,Electronics,Rural,CUST42,Corporate,2023-09-01,1095.05,6,0.07,344.74
ORD1343,Headphones,Electronics,Urban,CUST12,Individual,2022-02-10,1931.04,9,0.06,91.53
ORD1344,Camera,Accessories,Semiurban,CUST52,Corporate,2023-09-27,454.89,10,0.1,488.37
ORD1345,Smartphone,Accessories,Rural,CUST86,Individual,2022-03-25,651.2,10,0.11,350.63
ORD1346,Smartwatch,Accessories,Semiurban,CUST13,Corporate,2023-03-06,566.77,5,0.07,232.73
ORD1347,Smartphone,Accessories,Rural,CUST24,Corporate,2023-11-05,283.83,5,0.23,346.16
ORD1348,Mouse,Accessories,Semiurban,CUST18,Individual,2023-08-21,357.35,2,0.16,10.85
ORD1349,Monitor,Accessories,Urban,CUST62,Corporate,2023-08-02,1387.81,8,0.3,109.32
ORD1350,Smartwatch,Accessories,Semiurban,CUST42,Corporate,2023-06-20,1661.45,2,0.25,292.6
ORD1351,Mouse,Electronics,Semiurban,CUST32,Corporate,2022-11-20,1408.91,6,0.29,166.09
ORD1352,Monitor,Electronics,Rural,CUST1,Corporate,2022-09-25,128.64,5,0.0,308.33
ORD1353,Keyboard,Accessories,Rural,CUST34,Individual,2022-07-29,1680.05,6,0.2,133.55
ORD1354,Keyboard,Accessories,Urban,CUST50,Corporate,2023-11-17,689.2,5,0.13,276.54
ORD1355,Camera,Electronics,Semiurban,CUST31,Individual,2022-11-18,227.87,5,0.27,122.38
ORD1356,Monitor,Accessories,Semiurban,CUST58,Individual,2022-09-02,534.03,5,0.18,238.32
ORD1357,Camera,Accessories,Semiurban,CUST97,Individual,2022-09-29,743.7,4,0.19,308.48
ORD1358,Laptop,Accessories,Semiurban,CUST35,Corporate,2023-02-10,1051.25,3,0.29,186.13
ORD1359,Smartphone,Electronics,Urban,CUST43,Individual,2022-05-15,1370.51,9,0.2,251.89
ORD1360,Smartwatch,Electronics,Rural,CUST39,Individual,2023-11-19,557.33,4,0.1,109.21
ORD1361,Smartwatch,Accessories,Semiurban,CUST75,Corporate,2023-10-23,1981.82,1,0.27,351.85
ORD1362,Camera,Electronics,Urban,CUST93,Corporate,2022-11-04,110.61,10,0.28,189.29
ORD1363,Smartphone,Electronics,Urban,CUST74,Corporate,2023-04-14,838.56,7,0.12,427.89
ORD1364,Headphones,Electronics,Urban,CUST2,Individual,2022-11-20,931.79,6,0.16,143.42
ORD1365,Smartwatch,Accessories,Urban,CUST34,Individual,2022-03-16,1508.75,3,0.08,94.05
ORD1366,Headphones,Electronics,Urban,CUST84,Individual,2022-01-10,537.21,1,0.27,69.91
ORD1367,Mouse,Electronics,Rural,CUST47,Corporate,2023-04-15,950.98,8,0.25,290.07
ORD1368,Smartphone,Accessories,Urban,CUST89,Individual,2023-09-29,1617.6,5,0.11,118.14
ORD1369,Headphones,Accessories,Rural,CUST31,Individual,2023-07-31,322.6,5,0.24,54.44
ORD1370,Laptop,Accessories,Semiurban,CUST8,Corporate,2022-04-13,73.32,7,0.13,138.62
ORD1371,Monitor,Electronics,Semiurban,CUST86,Corporate,2022-03-17,1669.23,7,0.01,121.72
ORD1372,Keyboard,Electronics,Rural,CUST16,Corporate,2023-07-05,1966.01,7,0.27,218.95
ORD1373,Keyboard,Accessories,Rural,CUST60,Corporate,2022-08-07,304.89,1,0.06,193.54
ORD1374,Camera,Accessories,Semiurban,CUST40,Individual,2023-06-03,1656.16,10,0.15,77.19
ORD1375,Laptop,Electronics,Urban,CUST21,Corporate,2022-09-29,775.87,10,0.28,479.78
ORD1376,Smartwatch,Electronics,Semiurban,CUST52,Individual,2022-05-16,1279.08,4,0.05,79.03
ORD1377,Camera,Accessories,Urban,CUST88,Corporate,2022-12-24,1307.14,6,0.29,403.81
ORD1378,Camera,Electronics,Urban,CUST65,Individual,2022-03-12,1185.53,4,0.16,92.42
ORD1379,Keyboard,Accessories,Rural,CUST91,Corporate,2022-09-08,554.7,9,0.0,252.3
ORD1380,Smartphone,Electronics,Rural,CUST99,Corporate,2023-01-14,1634.86,8,0.02,497.8
ORD1381,Smartwatch,Accessories,Semiurban,CUST40,Individual,2022-10-19,92.51,6,0.2,425.45
ORD1382,Camera,Electronics,Semiurban,CUST89,Individual,2022-06-11,175.72,9,0.23,260.92
ORD1383,Smartwatch,Accessories,Rural,CUST16,Individual,2023-03-25,1809.87,5,0.26,361.68
ORD1384,Monitor,Electronics,Semiurban,CUST82,Corporate,2023-07-11,914.69,3,0.13,393.74
ORD1385,Smartphone,Accessories,Rural,CUST38,Corporate,2023-12-22,301.14,9,0.03,153.52
ORD1386,Mouse,Electronics,Rural,CUST48,Corporate,2022-11-06,1814.9,3,0.16,283.26
ORD1387,Smartwatch,Accessories,Semiurban,CUST79,Corporate,2023-09-19,1667.24,5,0.21,286.08
ORD1388,Headphones,Accessories,Urban,CUST29,Individual,2023-11-01,696.52,2,0.29,202.21
ORD1389,Camera,Accessories,Urban,CUST29,Corporate,2023-06-26,133.26,8,0.23,346.82
ORD1390,Headphones,Accessories,Rural,CUST18,Corporate,2022-01-09,948.94,3,0.19,34.72
ORD1391,Smartphone,Accessories,Semiurban,CUST62,Corporate,2023-11-15,377.58,5,0.28,407.84
ORD1392,Laptop,Electronics,Urban,CUST20,Individual,2023-07-22,1169.07,9,0.22,240.89
ORD1393,Headphones,Accessories,Rural,CUST59,Corporate,2022-11-03,1652.29,3,0.05,316.78
ORD1394,Camera,Electronics,Rural,CUST96,Corporate,2023-11-11,820.25,6,0.14,227.68
ORD1395,Camera,Accessories,Semiurban,CUST78,Corporate,2022-04-17,107.49,2,0.1,170.65
ORD1396,Keyboard,Electronics,Semiurban,CUST48,Individual,2022-05-18,1382.27,4,0.03,183.68
ORD1397,Smartphone,Accessories,Rural,CUST54,Corporate,2022-09-28,386.97,6,0.02,282.37
ORD1398,Keyboard,Accessories,Urban,CUST90,Individual,2022-04-29,468.7,4,0.24,466.26
ORD1399,Camera,Electronics,Semiurban,CUST71,Individual,2022-04-20,414.94,5,0.17,132.57
ORD1400,Monitor,Accessories,Semiurban,CUST61,Individual,2023-07-21,595.72,7,0.17,14.82
ORD1401,Camera,Electronics,Semiurban,CUST97,Corporate,2022-06-09,1772.68,6,0.07,65.01
ORD1402,Mouse,Electronics,Urban,CUST69,Individual,2022-10-06,117.57,6,0.08,434.35
ORD1403,Mouse,Accessories,Urban,CUST86,Individual,2022-10-16,1257.39,5,0.12,481.74
ORD1404,Keyboard,Accessories,Rural,CUST28,Individual,2023-09-12,529.28,10,0.19,103.48
ORD1405,Keyboard,Electronics,Semiurban,CUST98,Individual,2022-08-04,625.46,5,0.13,290.07
ORD1406,Smartphone,Accessories,Urban,CUST32,Individual,2022-12-18,853.38,8,0.01,326.32
ORD1407,Laptop,Accessories,Urban,CUST88,Corporate,2022-07-28,1123.84,2,0.2,91.4
ORD1408,Monitor,Accessories,Semiurban,CUST97,Corporate,2023-12-05,168.91,8,0.16,391.25
ORD1409,Tablet,Electronics,Urban,CUST77,Corporate,2023-10-12,595.56,1,0.19,180.78
ORD1410,Camera,Accessories,Rural,CUST11,Individual,2022-09-28,317.61,10,0.19,338.23
ORD1411,Laptop,Electronics,Urban,CUST68,Corporate,2023-06-02,438.94,10,0.23,246.31
ORD1412,Smartphone,Electronics,Urban,CUST58,Individual,2023-05-16,1775.07,10,0.18,369.58
ORD1413,Smartwatch,Electronics,Rural,CUST68,Individual,2022-09-15,1075.34,2,0.21,445.37
ORD1414,Laptop,Electronics,Semiurban,CUST91,Corporate,2022-02-22,1279.97,8,0.02,193.63
ORD1415,Camera,Accessories,Urban,CUST47,Corporate,2022-04-05,1614.23,4,0.28,146.83
ORD1416,Laptop,Accessories,Rural,CUST10,Individual,2023-10-12,1599.95,9,0.03,317.7
ORD1417,Headphones,Electronics,Semiurban,CUST73,Individual,2023-03-10,1979.34,2,0.24,76.7
ORD1418,Keyboard,Electronics,Rural,CUST15,Corporate,2022-10-11,1574.74,7,0.09,87.95
ORD1419,Mouse,Electronics,Urban,CUST8,Corporate,2022-02-15,750.27,9,0.03,404.82
ORD1420,Keyboard,Electronics,Rural,CUST71,Corporate,2022-01-04,1111.81,5,0.23,172.01
ORD1421,Camera,Accessories,Urban,CUST65,Individual,2022-12-08,995.12,7,0.13,317.48
ORD1422,Headphones,Electronics,Semiurban,CUST26,Individual,2022-05-14,1829.72,1,0.12,287.96
ORD1423,Monitor,Electronics,Semiurban,CUST74,Individual,2023-10-15,1029.67,3,0.2,425.21
ORD1424,Keyboard,Electronics,Rural,CUST69,Corporate,2022-09-26,807.34,3,0.14,40.32
ORD1425,Smartphone,Electronics,Urban,CUST20,Individual,2022-06-15,400.64,4,0.16,85.19
ORD1426,Keyboard,Electronics,Semiurban,CUST22,Individual,2023-03-29,671.81,6,0.04,117.97
ORD1427,Tablet,Accessories,Rural,CUST42,Individual,2023-07-19,477.09,7,0.12,161.85
ORD1428,Monitor,Accessories,Semiurban,CUST67,Corporate,2023-12-24,1796.74,10,0.24,149.22
ORD1429,Tablet,Accessories,Semiurban,CUST57,Corporate,2023-03-14,1568.15,8,0.16,137.4
ORD1430,Tablet,Accessories,Urban,CUST15,Individual,2023-07-29,164.25,3,0.29,324.1
ORD1431,Smartphone,Accessories,Semiurban,CUST88,Corporate,2022-01-10,1983.49,6,0.04,139.27
ORD1432,Headphones,Electronics,Semiurban,CUST27,Individual,2022-04-25,1082.39,3,0.2,225.22
ORD1433,Tablet,Accessories,Urban,CUST92,Corporate,2022-03-19,1545.34,2,0.27,432.09
ORD1434,Monitor,Electronics,Semiurban,CUST75,Corporate,2023-12-09,1999.23,8,0.24,184.77
ORD1435,Keyboard,Accessories,Semiurban,CUST63,Corporate,2022-06-02,1949.26,6,0.22,295.53
ORD1436,Camera,Accessories,Urban,CUST12,Corporate,2023-07-13,245.26,3,0.11,482.94
ORD1437,Monitor,Accessories,Urban,CUST66,Corporate,2022-02-06,1330.89,6,0.28,209.92
ORD1438,Mouse,Accessories,Semiurban,CUST58,Individual,2023-01-14,569.73,1,0.17,96.02
ORD1439,Laptop,Electronics,Semiurban,CUST8,Corporate,2023-08-20,1641.76,1,0.17,16.44
ORD1440,Keyboard,Accessories,Semiurban,CUST59,Corporate,2023-07-20,1838.66,8,0.04,365.25
ORD1441,Smartphone,Electronics,Semiurban,CUST17,Corporate,2022-06-01,159.02,5,0.0,332.7
ORD1442,Tablet,Accessories,Rural,CUST66,Individual,2023-03-17,1992.96,4,0.18,470.52
ORD1443,Camera,Accessories,Semiurban,CUST54,Corporate,2022-05-11,477.85,3,0.16,351.84
ORD1444,Tablet,Accessories,Urban,CUST59,Individual,2022-02-12,1700.68,10,0.28,44.63
ORD1445,Smartphone,Electronics,Urban,CUST73,Individual,2022-11-12,1604.91,3,0.09,87.62
ORD1446,Monitor,Electronics,Urban,CUST8,Corporate,2023-01-09,741.87,8,0.22,55.99
ORD1447,Mouse,Accessories,Urban,CUST72,Individual,2022-02-10,1686.48,2,0.27,36.58
ORD1448,Laptop,Accessories,Semiurban,CUST60,Individual,2023-01-02,1698.18,3,0.1,439.95
ORD1449,Mouse,Electronics,Semiurban,CUST87,Corporate,2022-08-04,393.4,10,0.12,276.47
ORD1450,Keyboard,Electronics,Rural,CUST40,Individual,2023-11-30,1205.41,7,0.19,18.05
ORD1451,Monitor,Accessories,Semiurban,CUST93,Individual,2022-09-13,1622.11,7,0.15,201.52
ORD1452,Laptop,Accessories,Urban,CUST3,Corporate,2023-11-14,1410.37,7,0.05,383.67
ORD1453,Smartwatch,Electronics,Semiurban,CUST51,Individual,2022-04-16,1832.26,7,0.07,46.21
ORD1454,Mouse,Accessories,Rural,CUST33,Corporate,2022-12-29,105.0,8,0.25,134.91
ORD1455,Tablet,Electronics,Semiurban,CUST1,Corporate,2023-07-28,1416.09,7,0.06,81.86
ORD1456,Keyboard,Accessories,Semiurban,CUST96,Individual,2023-02-21,1897.74,1,0.05,329.14
ORD1457,Keyboard,Accessories,Urban,CUST28,Corporate,2023-09-28,1149.03,1,0.24,443.31
ORD1458,Laptop,Electronics,Rural,CUST75,Corporate,2022-06-08,1148.06,9,0.26,158.14
ORD1459,Smartwatch,Electronics,Semiurban,CUST10,Individual,2022-08-31,417.06,4,0.26,127.46
ORD1460,Camera,Accessories,Semiurban,CUST6,Corporate,2022-06-16,1976.61,6,0.28,145.67
ORD1461,Mouse,Electronics,Rural,CUST55,Individual,2022-07-01,1769.17,1,0.3,315.11
ORD1462,Headphones,Accessories,Semiurban,CUST45,Individual,2023-02-27,1009.84,6,0.14,69.98
ORD1463,Camera,Electronics,Rural,CUST90,Corporate,2022-01-26,652.65,9,0.16,420.07
ORD1464,Keyboard,Electronics,Rural,CUST9,Corporate,2022-07-03,1006.35,4,0.09,19.14
ORD1465,Keyboard,Electronics,Urban,CUST70,Individual,2022-12-07,226.0,1,0.02,333.46
ORD1466,Smartphone,Electronics,Semiurban,CUST8,Individual,2023-02-26,503.62,1,0.03,430.88
ORD1467,Laptop,Accessories,Rural,CUST9,Corporate,2023-11-17,476.68,4,0.22,165.97
ORD1468,Smartwatch,Accessories,Rural,CUST61,Corporate,2022-09-12,1076.57,4,0.15,240.7
ORD1469,Headphones,Electronics,Rural,CUST5,Individual,2022-10-01,51.33,6,0.1,487.62
ORD1470,Camera,Accessories,Urban,CUST37,Corporate,2022-06-13,1839.9,5,0.04,272.59
ORD1471,Mouse,Accessories,Semiurban,CUST53,Individual,2023-12-20,442.86,3,0.2,139.85
ORD1472,Laptop,Accessories,Urban,CUST24,Corporate,2022-04-21,304.45,2,0.03,225.2
ORD1473,Mouse,Accessories,Urban,CUST99,Individual,2023-01-27,1448.03,7,0.19,484.92
ORD1474,Monitor,Accessories,Rural,CUST18,Individual,2022-02-09,1841.62,9,0.27,350.32
ORD1475,Smartphone,Accessories,Rural,CUST99,Corporate,2023-04-27,1696.35,10,0.1,92.63
ORD1476,Smartwatch,Electronics,Rural,CUST83,Corporate,2022-08-16,681.0,5,0.14,300.8
ORD1477,Smartphone,Accessories,Rural,CUST94,Corporate,2022-07-24,92.73,3,0.18,317.37
ORD1478,Keyboard,Electronics,Urban,CUST83,Corporate,2023-04-17,1193.89,2,0.09,319.75
ORD1479,Smartphone,Accessories,Rural,CUST54,Corporate,2022-12-25,1838.59,1,0.18,284.17
ORD1480,Headphones,Electronics,Semiurban,CUST48,Corporate,2022-11-09,1560.01,5,0.17,264.11
ORD1481,Keyboard,Accessories,Urban,CUST49,Corporate,2022-08-22,1700.64,5,0.11,321.57
ORD1482,Camera,Accessories,Rural,CUST58,Individual,2022-08-17,1728.31,8,0.09,158.28
ORD1483,Mouse,Accessories,Semiurban,CUST49,Individual,2022-01-25,1923.09,9,0.13,176.85
ORD1484,Camera,Electronics,Rural,CUST49,Individual,2023-11-07,778.5,10,0.0,272.14
ORD1485,Monitor,Accessories,Semiurban,CUST11,Individual,2022-07-17,1886.75,9,0.07,403.33
ORD1486,Keyboard,Electronics,Rural,CUST88,Corporate,2023-02-13,821.41,6,0.07,223.72
ORD1487,Keyboard,Electronics,Rural,CUST85,Individual,2022-12-03,247.01,7,0.22,186.06
ORD1488,Smartwatch,Accessories,Urban,CUST70,Corporate,2022-10-13,638.44,3,0.13,133.6
ORD1489,Keyboard,Accessories,Rural,CUST18,Individual,2022-03-13,316.08,6,0.25,155.27
ORD1490,Mouse,Accessories,Semiurban,CUST84,Corporate,2022-10-13,357.13,8,0.04,5.05
ORD1491,Headphones,Electronics,Semiurban,CUST45,Individual,2022-12-26,1899.95,6,0.22,408.61
ORD1492,Monitor,Electronics,Urban,CUST16,Corporate,2023-10-19,1594.09,4,0.26,424.73
ORD1493,Smartwatch,Accessories,Rural,CUST23,Corporate,2023-06-06,1923.29,3,0.14,175.22
ORD1494,Mouse,Accessories,Urban,CUST69,Individual,2023-02-14,1315.9,7,0.11,237.25
ORD1495,Headphones,Accessories,Rural,CUST51,Individual,2023-11-27,389.7,1,0.09,9.12
ORD1496,Smartphone,Electronics,Urban,CUST68,Corporate,2023-07-04,1939.05,4,0.17,461.43
ORD1497,Camera,Electronics,Rural,CUST17,Corporate,2022-12-06,1402.44,4,0.05,473.74
ORD1498,Monitor,Accessories,Rural,CUST94,Individual,2022-01-29,1861.25,3,0.18,241.15
ORD1499,Tablet,Accessories,Urban,CUST29,Corporate,2022-04-29,1584.63,4,0.25,9.52
